<?xml version="1.0" encoding="utf-8"?>
<eml:eml xmlns:eml="eml://ecoinformatics.org/eml-2.1.1" xmlns:xsi="http://www.w3.org/2001/XMLSchema-instance"
         xsi:schemaLocation="eml://ecoinformatics.org/eml-2.1.1 http://rs.gbif.org/schema/eml-gbif-profile/1.1/eml.xsd"
        packageId="10.15468/dl.vf6fgm"  system="http://gbif.org" scope="system"
  xml:lang="en">

<dataset>
        <alternateIdentifier>0317102-210914110416597</alternateIdentifier>
    <title>GBIF Occurrence Download 10.15468/dl.vf6fgm</title>
    <creator>
    <individualName>
          <surName>GBIF Download Service</surName>
    </individualName>
<electronicMailAddress>support@gbif.org</electronicMailAddress>    </creator>
    <metadataProvider>
    <individualName>
          <surName>GBIF Download Service</surName>
    </individualName>
<electronicMailAddress>support@gbif.org</electronicMailAddress>    </metadataProvider>
      <pubDate>
      2022-05-27
      </pubDate>
    <language>ENGLISH</language>
    <abstract>
        <para>A dataset containing all occurrences available in GBIF matching the query:
{
  &quot;and&quot; : [
    &quot;CoordinateUncertaintyInMeters 0.0-5059.0&quot;,
    &quot;Country is United States of America&quot;,
    &quot;OccurrenceStatus is Present&quot;,
    &quot;TaxonKey is Lupinus L.&quot;
  ]
}
The dataset includes records from the following constituent datasets. The full metadata for each constituent is also included in this archive:
1 records from Western Carolina University Herbarium
1 records from Old Dominion University Herbarium
1 records from Kenai National Wildlife Refuge, Alaska (KNWR) Plant specimens (Arctos)
1 records from University of Graz, Institute of Plant Sciences - Herbarium GZU
1 records from Kenai National Wildlife Refuge, Alaska (KNWR) Plant observations (Arctos)
1 records from National Herbarium of New South Wales (NSW) AVH data
1 records from CHAS Botany Collection (Arctos)
1 records from Tasmanian Herbarium (HO) AVH data
1 records from Masaryk University - Herbarium BRNU
1 records from Campbell University Herbarium
2 records from Rutgers University, Chrysler Herbarium
2 records from University of Alberta Vascular Plant Herbarium (ALTA-VP)
2 records from Staten Island Museum
3 records from Observation.org, Nature data from around the World
3 records from University of South Carolina, A. C. Moore Herbarium
4 records from Weber State University Herbarium
7 records from Botany Division, Yale Peabody Museum
7 records from Pittsburg State University, Theodore M. Sperry Herbarium
7 records from NEON Biorepository Terrestrial Plant Collection (Herbarium Vouchers)
7 records from Natural History Museum (London) Collection Specimens
8 records from Vascular Plant Collection, Starkey Experimental Forest Herbarium
9 records from University of Vermont, Pringle Herbarium
10 records from Vascular Plant Collection - University of Washington Herbarium (WTU)
10 records from Fairchild Tropical Botanic Garden (FTG)
10 records from University of British Columbia Herbarium (UBC) - Vascular Plant Collection
11 records from MVSC; The James C. Parks Herbarium at Millersville University
12 records from Mississippi Museum of Natural Science Herbarium
14 records from SCFS - Sagehen Herbarium
17 records from naturgucker
18 records from Centre for Australian National Biodiversity Research (CANB) AVH data
20 records from University of North Carolina at Chapel Hill Herbarium: Vascular Plants
25 records from Dinosaur National Monument Herbarium
30 records from Pl@ntNet observations
32 records from Texas Tech University, E. L. Reed Herbarium
38 records from University of Michigan Herbarium
42 records from MCCC - Mendocino College Coast Center Herbarium
43 records from Bell Museum plants
46 records from Black Hills State University Herbarium
46 records from CAS Botany (BOT)
46 records from Colorado Mesa University, Walter A. Kelley Herbarium
51 records from Occurrences from Kenai National Wildlife Refuge’s Long Term Ecological Monitoring Program, 1999–2006
57 records from CSUSB - California State University San Bernardino
59 records from Kathryn Kalmbach Herbarium
65 records from Desert Botanical Garden Herbarium
66 records from FSC - Fresno State Herbarium
71 records from Intermountain Herbarium (Vascular plants &amp; algae)
87 records from CONN
92 records from SFV - California State University, Northridge
103 records from LOB - California State University, Long Beach Herbarium
106 records from UCSC Herbarium - Kenneth S. Norris Center for Natural History, University of California Santa Cruz
122 records from Rocky Mountain Biological Laboratory
125 records from Carnegie Museum of Natural History Herbarium
128 records from IRVC - University of California, Irvine Herbarium
151 records from The New York Botanical Garden Herbarium (NY)
163 records from R. L. McGregor Herbarium Vascular Plants Collection
166 records from SDSU - San Diego State University Herbarium
169 records from SJSU - Carl W. Sharsmith Herbarium, San Jose State University
174 records from UTEP Plants (Arctos)
219 records from University of New Mexico Herbarium
220 records from CSLA - Cal State LA Herbarium
233 records from LA - University of California, Los Angeles Herbarium
242 records from CDA - California Department of Food and Agriculture
246 records from Arizona State University Vascular Plant Herbarium
292 records from Deaver Herbarium (Northern Arizona University)
302 records from UAM Herbarium (ALA), Vascular Plant Collection (Arctos)
490 records from Pl@ntNet automatically identified occurrences
542 records from University of Colorado Museum of Natural History Herbarium Vascular Plant Collection
573 records from UCSB - University of California Santa Barbara Herbarium
766 records from SD - SD Herbarium, San Diego Natural History Museum
831 records from HSC - Humboldt State University Vascular Plant Herbarium
858 records from CHSC - CSU Chico, Chico State Herbarium - Vascular Plants
1066 records from DAV - UC Davis Herbarium
1094 records from OBI - Robert F. Hoover Herbarium, Cal Poly State University
2130 records from Vascular Plant Collection
2717 records from SBBG - Clifton Smith Herbarium, Santa Barbara Botanic Garden
3138 records from RSA - California Botanic Garden Herbarium
23567 records from iNaturalist Research-grade Observations</para>
    </abstract>
      <contact>
    <individualName>
          <surName>GBIF Download Service</surName>
    </individualName>
<electronicMailAddress>support@gbif.org</electronicMailAddress>      </contact>

</dataset>

<additionalMetadata>
    <metadata>
      <gbif>
        <dateStamp>2022-05-27T20:49:42Z</dateStamp>
      <citation identifier="10.15468/dl.vf6fgm">GBIF Occurrence Download 10.15468/dl.vf6fgm</citation>
              <physical>
                  <objectName>Darwin Core Archive</objectName>
                  <characterEncoding>UTF-8</characterEncoding>
                  <dataFormat>
                      <externallyDefinedFormat>
                          <formatName>Darwin Core Archive</formatName>
                      </externallyDefinedFormat>
                  </dataFormat>
                  <distribution>
                      <online>
                          <url function="download">https://api.gbif.org/v1/occurrence/download/request/0317102-210914110416597.zip</url>
                      </online>
                  </distribution>
              </physical>
      </gbif>
    </metadata>
</additionalMetadata>

</eml:eml>
