<?xml version="1.0" encoding="utf-8"?>
<eml:eml xmlns:eml="eml://ecoinformatics.org/eml-2.1.1" xmlns:xsi="http://www.w3.org/2001/XMLSchema-instance"
         xsi:schemaLocation="eml://ecoinformatics.org/eml-2.1.1 http://rs.gbif.org/schema/eml-gbif-profile/1.1/eml.xsd"
        packageId="07a54454-87c7-4e1e-b2ba-88a9d98d534b"  system="http://gbif.org" scope="system"
  xml:lang="en">

<dataset>
      <alternateIdentifier>10.15468/jf3yae</alternateIdentifier>
        <alternateIdentifier>https://collections.ala.org.au/public/show/dr15861</alternateIdentifier>
        <alternateIdentifier>07a54454-87c7-4e1e-b2ba-88a9d98d534b</alternateIdentifier>
        <alternateIdentifier>47d8c381-b428-380d-9ca2-8d818b1259c3</alternateIdentifier>
    <title>National Herbarium of New South Wales (NSW) AVH data</title>
    <creator>
<organizationName>Australia&apos;s Virtual Herbarium</organizationName>    </creator>
    <creator>
<organizationName>National Herbarium of New South Wales</organizationName>    </creator>
    <creator>
<organizationName>The Royal Botanic Gardens &amp; Domain Trust</organizationName>    </creator>
    <metadataProvider>
<organizationName>Australia&apos;s Virtual Herbarium</organizationName>    </metadataProvider>
    <associatedParty>
<organizationName>Atlas of Living Australia</organizationName>    <address>
<deliveryPoint>CSIRO Ecosystems Services</deliveryPoint><city>Canberra</city><administrativeArea>ACT</administrativeArea><postalCode>2601</postalCode><country>AUSTRALIA</country>    </address>
    <role>DISTRIBUTOR</role>
    </associatedParty>
      <pubDate>
      2022-03-15
      </pubDate>
    <language>ENGLISH</language>
    <abstract>
        <para>NSW herbarium specimen records.</para>
    </abstract>
      <intellectualRights>
        <para>This work is licensed under a <ulink url="http://creativecommons.org/licenses/by/4.0/legalcode"><citetitle>Creative Commons Attribution (CC-BY) 4.0 License</citetitle></ulink>.</para>
      </intellectualRights>
      <distribution scope="document">
          <online>
              <url function="information">https://collections.ala.org.au/public/show/dr15861</url>
          </online>
      </distribution>
      <contact>
    <individualName>
<givenName>Wayne</givenName>          <surName>Cherry</surName>
    </individualName>
<positionName>editor</positionName><electronicMailAddress>wayne.cherry@rbgsyd.nsw.gov.au</electronicMailAddress>      </contact>
      <methods>
      </methods>

</dataset>

<additionalMetadata>
    <metadata>
      <gbif>
        <dateStamp>2022-05-27T20:49:36Z</dateStamp>
      <citation>The Royal Botanic Gardens &amp; Domain Trust (2022). National Herbarium of New South Wales (NSW) AVH data. Occurrence dataset https://doi.org/10.15468/jf3yae accessed via GBIF.org on 2022-05-27.</citation>
              <resourceLogoUrl>https://collections.ala.org.au/data/dataProvider/avh_logo_green_transparent.png</resourceLogoUrl>
      </gbif>
    </metadata>
</additionalMetadata>

</eml:eml>
