<?xml version="1.0" encoding="utf-8"?>
<eml:eml xmlns:eml="eml://ecoinformatics.org/eml-2.1.1" xmlns:xsi="http://www.w3.org/2001/XMLSchema-instance"
         xsi:schemaLocation="eml://ecoinformatics.org/eml-2.1.1 http://rs.gbif.org/schema/eml-gbif-profile/1.1/eml.xsd"
        packageId="265a1266-6e01-459e-9d1a-3127c9b222ed"  system="http://gbif.org" scope="system"
  xml:lang="en">

<dataset>
      <alternateIdentifier>10.15468/ctqpb5</alternateIdentifier>
        <alternateIdentifier>https://midatlanticherbaria.org/portal/collections/misc/collprofiles.php?collid=335</alternateIdentifier>
    <title>Staten Island Museum</title>
    <creator>
<organizationName>Mid-Atlantic Herbaria</organizationName><electronicMailAddress>seinetadmin@asu.edu</electronicMailAddress><onlineUrl>https://midatlanticherbaria.org/portal/index.php</onlineUrl>    </creator>
    <metadataProvider>
<organizationName>Mid-Atlantic Herbaria</organizationName><electronicMailAddress>seinetadmin@asu.edu</electronicMailAddress><onlineUrl>https://midatlanticherbaria.org/portal/index.php</onlineUrl>    </metadataProvider>
    <associatedParty>
    <individualName>
          <surName>Colleen Evans</surName>
    </individualName>
<electronicMailAddress>cevans@statenislandmuseum.org</electronicMailAddress>    <role>CONTENT_PROVIDER</role>
    </associatedParty>
      <pubDate>
      2022-03-01
      </pubDate>
    <language>ENGLISH</language>
    <abstract>
        <para>The Staten Island Museum herbarium (SIM) contains over 25,000 specimens, focused on the flora of Staten Island and the northeastern United States. It is a complete record of the flora of Staten Island, from the 1860s to the present. The core of the herbarium was donated by co-founders Arthur Hollick and Nathaniel Lord Britton, and is composed of specimens they collected during the 1870s-1880s. Specialized sub-collections include hybrid oaks (Hollick/Britton/Davis) and hybrid violets and ferns (Philip Dowell). Aside from vascular plants, the collection also contains mosses, lichens, algae, fungi and slime molds.</para>
    </abstract>
      <intellectualRights>
        <para>This work is licensed under a <ulink url="http://creativecommons.org/licenses/by-nc/4.0/legalcode"><citetitle>Creative Commons Attribution Non Commercial (CC-BY-NC) 4.0 License</citetitle></ulink>.</para>
      </intellectualRights>
      <contact>
<organizationName>Staten Island Museum</organizationName><electronicMailAddress>cevans@statenislandmuseum.org</electronicMailAddress><onlineUrl>http://www.statenislandmuseum.org</onlineUrl>      </contact>

</dataset>

<additionalMetadata>
    <metadata>
      <gbif>
        <dateStamp>2022-05-27T20:49:37Z</dateStamp>
      <citation>Staten Island Museum (2022). Staten Island Museum. Occurrence dataset https://doi.org/10.15468/ctqpb5 accessed via GBIF.org on 2022-05-27.</citation>
      </gbif>
    </metadata>
</additionalMetadata>

</eml:eml>
