<?xml version="1.0" encoding="utf-8"?>
<eml:eml xmlns:eml="eml://ecoinformatics.org/eml-2.1.1" xmlns:xsi="http://www.w3.org/2001/XMLSchema-instance"
         xsi:schemaLocation="eml://ecoinformatics.org/eml-2.1.1 http://rs.gbif.org/schema/eml-gbif-profile/1.1/eml.xsd"
        packageId="27b4ff4b-29c3-4017-9c48-3750861392f7"  system="http://gbif.org" scope="system"
  xml:lang="en">

<dataset>
      <alternateIdentifier>10.15468/63vxjd</alternateIdentifier>
        <alternateIdentifier>https://sernecportal.org/portal/collections/misc/collprofiles.php?collid=206</alternateIdentifier>
        <alternateIdentifier>http://sernecportal.org/portal/collections/misc/collprofiles.php?collid=206</alternateIdentifier>
    <title>University of North Carolina at Chapel Hill Herbarium: Vascular Plants</title>
    <creator>
<organizationName>SERNEC</organizationName><electronicMailAddress>herrick.brown@gmail.com</electronicMailAddress><onlineUrl>https://sernecportal.org/portal/index.php</onlineUrl>    </creator>
    <metadataProvider>
<organizationName>SERNEC</organizationName><electronicMailAddress>herrick.brown@gmail.com</electronicMailAddress><onlineUrl>https://sernecportal.org/portal/index.php</onlineUrl>    </metadataProvider>
    <associatedParty>
    <individualName>
<givenName>Carol Ann</givenName>          <surName>McCormick</surName>
    </individualName>
<positionName>Herbarium Curatrix</positionName><electronicMailAddress>mccormick@unc.edu</electronicMailAddress>    <role>CONTENT_PROVIDER</role>
    </associatedParty>
    <associatedParty>
    <individualName>
<givenName>Alan</givenName>          <surName>Weakley</surName>
    </individualName>
<positionName>Herbarium Director</positionName><electronicMailAddress>weakley@unc.edu</electronicMailAddress>    <role>CONTENT_PROVIDER</role>
    </associatedParty>
      <pubDate>
      2022-05-03
      </pubDate>
    <language>ENGLISH</language>
      <intellectualRights>
        <para>This work is licensed under a <ulink url="http://creativecommons.org/licenses/by/4.0/legalcode"><citetitle>Creative Commons Attribution (CC-BY) 4.0 License</citetitle></ulink>.</para>
      </intellectualRights>
      <contact>
<organizationName>University of North Carolina at Chapel Hill Herbarium: Vascular Plants</organizationName><phone>[1] 919 962 6931</phone><electronicMailAddress>mccormick@unc.edu</electronicMailAddress><onlineUrl>https://ncbg.unc.edu/research/unc-herbarium/</onlineUrl>      </contact>

</dataset>

<additionalMetadata>
    <metadata>
      <gbif>
        <dateStamp>2022-05-27T20:49:38Z</dateStamp>
      <citation>University of North Carolina at Chapel Hill Herbarium (NCU) (2022). University of North Carolina at Chapel Hill Herbarium: Vascular Plants. Occurrence dataset https://doi.org/10.15468/63vxjd accessed via GBIF.org on 2022-05-27.</citation>
      </gbif>
    </metadata>
</additionalMetadata>

</eml:eml>
