<?xml version="1.0" encoding="utf-8"?>
<eml:eml xmlns:eml="eml://ecoinformatics.org/eml-2.1.1" xmlns:xsi="http://www.w3.org/2001/XMLSchema-instance"
         xsi:schemaLocation="eml://ecoinformatics.org/eml-2.1.1 http://rs.gbif.org/schema/eml-gbif-profile/1.1/eml.xsd"
        packageId="42301ebf-d36a-4e4f-a061-d37d778c2365"  system="http://gbif.org" scope="system"
  xml:lang="en">

<dataset>
      <alternateIdentifier>10.15468/8wmoeb</alternateIdentifier>
        <alternateIdentifier>42301ebf-d36a-4e4f-a061-d37d778c2365</alternateIdentifier>
        <alternateIdentifier>https://collections.ala.org.au/public/show/dr10574</alternateIdentifier>
        <alternateIdentifier>2ea8b495-1e6c-31e2-8938-b6b939ae727e</alternateIdentifier>
    <title>Tasmanian Herbarium (HO) AVH data</title>
    <creator>
<organizationName>Australia&apos;s Virtual Herbarium</organizationName>    </creator>
    <creator>
<organizationName>Tasmanian Herbarium</organizationName>    </creator>
    <creator>
<organizationName>Tasmanian Museum and Art Gallery</organizationName>    </creator>
    <metadataProvider>
<organizationName>Australia&apos;s Virtual Herbarium</organizationName>    </metadataProvider>
    <associatedParty>
<organizationName>Atlas of Living Australia</organizationName>    <address>
<deliveryPoint>CSIRO Ecosystems Services</deliveryPoint><city>Canberra</city><administrativeArea>ACT</administrativeArea><postalCode>2601</postalCode><country>AUSTRALIA</country>    </address>
    <role>DISTRIBUTOR</role>
    </associatedParty>
      <pubDate>
      2022-05-16
      </pubDate>
    <language>ENGLISH</language>
    <abstract>
        <para>The Tasmanian Herbarium is responsible for the development, maintenance and management of the botanical collections of Tasmania.

These preserved plant specimens are internationally recognised as the most comprehensive record of the Tasmanian flora in the world. The specimens represent the permanent material evidence of knowledge on what plants occur in Tasmania, their distribution in space and time, their variability and a wealth of other information. They are also the raw materials for further discovery and knowledge of Tasmania’s unique flora.

The collection underpins a wide range of plant-based activities, including:

    plant identification and classification;
    scientific studies and publications;
    land-use, resource management and flora conservation activities;
    ecological studies;
    control and management of exotic flora;
    control and management of prohibited plants;
    the search for economically useful plants and plant products;
    interpretations, displays and other presentations that promote TMAG and Tasmanian natural history to a wide audience.</para>
    </abstract>
      <intellectualRights>
        <para>This work is licensed under a <ulink url="http://creativecommons.org/licenses/by/4.0/legalcode"><citetitle>Creative Commons Attribution (CC-BY) 4.0 License</citetitle></ulink>.</para>
      </intellectualRights>
      <distribution scope="document">
          <online>
              <url function="information">https://collections.ala.org.au/public/show/dr10574</url>
          </online>
      </distribution>
      <contact>
    <individualName>
<givenName>Catherine</givenName>          <surName>Byrne</surName>
    </individualName>
<positionName>editor</positionName><electronicMailAddress>catherine.byrne@tmag.tas.gov.au</electronicMailAddress>      </contact>
      <methods>
      </methods>

</dataset>

<additionalMetadata>
    <metadata>
      <gbif>
        <dateStamp>2022-05-27T20:49:37Z</dateStamp>
      <citation>Tasmanian Museum and Art Gallery (2022). Tasmanian Herbarium (HO) AVH data. Occurrence dataset https://doi.org/10.15468/8wmoeb accessed via GBIF.org on 2022-05-27.</citation>
              <resourceLogoUrl>https://collections.ala.org.au/data/dataProvider/avh_logo_green_transparent.png</resourceLogoUrl>
      </gbif>
    </metadata>
</additionalMetadata>

</eml:eml>
