<?xml version="1.0" encoding="utf-8"?>
<eml:eml xmlns:eml="eml://ecoinformatics.org/eml-2.1.1" xmlns:xsi="http://www.w3.org/2001/XMLSchema-instance"
         xsi:schemaLocation="eml://ecoinformatics.org/eml-2.1.1 http://rs.gbif.org/schema/eml-gbif-profile/1.1/eml.xsd"
        packageId="4c122e6f-b2a4-4f91-aff5-449e9afb57b3"  system="http://gbif.org" scope="system"
  xml:lang="en">

<dataset>
      <alternateIdentifier>10.15468/33k42a</alternateIdentifier>
        <alternateIdentifier>https://cch2.org/portal/collections/misc/collprofiles.php?collid=34</alternateIdentifier>
        <alternateIdentifier>https://www.cch2.org/portal/collections/misc/collprofiles.php?collid=34</alternateIdentifier>
    <title>LA - University of California, Los Angeles Herbarium</title>
    <creator>
<organizationName>CCH2 Portal</organizationName><electronicMailAddress>jyost@calpoly.edu</electronicMailAddress><onlineUrl>https://cch2.org/portal/index.php</onlineUrl>    </creator>
    <metadataProvider>
<organizationName>CCH2 Portal</organizationName><electronicMailAddress>jyost@calpoly.edu</electronicMailAddress><onlineUrl>https://cch2.org/portal/index.php</onlineUrl>    </metadataProvider>
    <associatedParty>
    <individualName>
<givenName>Anthony</givenName>          <surName>Baniaga</surName>
    </individualName>
<positionName>Curator</positionName><electronicMailAddress>abaniaga@ucla.edu</electronicMailAddress>    <role>CONTENT_PROVIDER</role>
    </associatedParty>
      <pubDate>
      2022-05-02
      </pubDate>
    <language>ENGLISH</language>
    <abstract>
        <para>The UCLA Herbarium (LA) was founded in ca. 1930, and contains approximately 150,000 specimens, almost entirely dried vascular plants. The herbarium contains the collections of notable UCLA biologists such as Carl Epling, Harlan Lewis, Peter Raven, Martin Cody, Henry J. Thompson, Jonathan Sauer, Elizabeth McClintock, and Mildred Mathias. The core of the collection (ca. 146,000 specimens) contains specimens from North America (60%), Europe (23%), the Pacific (7%), South America (5%), Asia (3%), and Africa (2%). The UCLA Herbarium also maintains a large collection of cultivated plants (ca. 11,000), a Santa Monica Mountains Collection (ca. 8,300 specimens), a Baja California Collection (ca. 2400 specimens), and a Type Collection (298 specimens).</para>
    </abstract>
      <intellectualRights>
        <para>This work is licensed under a <ulink url="http://creativecommons.org/licenses/by-nc/4.0/legalcode"><citetitle>Creative Commons Attribution Non Commercial (CC-BY-NC) 4.0 License</citetitle></ulink>.</para>
      </intellectualRights>
      <contact>
<organizationName>LA - University of California, Los Angeles Herbarium</organizationName><phone>(310) 825-3620</phone><electronicMailAddress>abaniaga@ucla.edu</electronicMailAddress><onlineUrl>https://sites.lifesci.ucla.edu/eeb-herbarium</onlineUrl>      </contact>

</dataset>

<additionalMetadata>
    <metadata>
      <gbif>
        <dateStamp>2022-05-27T20:49:40Z</dateStamp>
      <citation>UCLA Herbarium (2022). LA - University of California, Los Angeles Herbarium. Occurrence dataset https://doi.org/10.15468/33k42a accessed via GBIF.org on 2022-05-27.</citation>
      </gbif>
    </metadata>
</additionalMetadata>

</eml:eml>
