<?xml version="1.0" encoding="utf-8"?>
<eml:eml xmlns:eml="eml://ecoinformatics.org/eml-2.1.1" xmlns:xsi="http://www.w3.org/2001/XMLSchema-instance"
         xsi:schemaLocation="eml://ecoinformatics.org/eml-2.1.1 http://rs.gbif.org/schema/eml-gbif-profile/1.1/eml.xsd"
        packageId="7fc39a52-0d5c-40e1-a6a7-c64068a1fa76"  system="http://gbif.org" scope="system"
  xml:lang="en">

<dataset>
      <alternateIdentifier>10.15468/svdy2z</alternateIdentifier>
        <alternateIdentifier>https://cch2.org/portal/collections/misc/collprofiles.php?collid=37</alternateIdentifier>
    <title>IRVC - University of California, Irvine Herbarium</title>
    <creator>
<organizationName>CCH2 Portal</organizationName><electronicMailAddress>jyost@calpoly.edu</electronicMailAddress><onlineUrl>https://cch2.org/portal/index.php</onlineUrl>    </creator>
    <metadataProvider>
<organizationName>CCH2 Portal</organizationName><electronicMailAddress>jyost@calpoly.edu</electronicMailAddress><onlineUrl>https://cch2.org/portal/index.php</onlineUrl>    </metadataProvider>
    <associatedParty>
    <individualName>
          <surName>Rebecca Crowe</surName>
    </individualName>
<electronicMailAddress>rcrowe@uci.edu</electronicMailAddress>    <role>CONTENT_PROVIDER</role>
    </associatedParty>
    <associatedParty>
    <individualName>
<givenName>Peter</givenName>          <surName>Bowler</surName>
    </individualName>
<electronicMailAddress>pabowler@uci.edu</electronicMailAddress>    <role>CONTENT_PROVIDER</role>
    </associatedParty>
      <pubDate>
      2022-05-02
      </pubDate>
    <language>ENGLISH</language>
    <abstract>
        <para>Western U.S., especially southern California and Orange County; Baja California, Mexico.</para>
    </abstract>
      <intellectualRights>
        <para>This work is licensed under a <ulink url="http://creativecommons.org/licenses/by-nc/4.0/legalcode"><citetitle>Creative Commons Attribution Non Commercial (CC-BY-NC) 4.0 License</citetitle></ulink>.</para>
      </intellectualRights>
      <contact>
<organizationName>IRVC - University of California, Irvine Herbarium</organizationName><phone>949-824-0157</phone><electronicMailAddress>rcrowe@uci.edu</electronicMailAddress><onlineUrl>http://arboretum.bio.uci.edu/plant-exhibits/h</onlineUrl>      </contact>

</dataset>

<additionalMetadata>
    <metadata>
      <gbif>
        <dateStamp>2022-05-27T20:49:40Z</dateStamp>
      <citation>University of California, Irvine (2022). IRVC - University of California, Irvine Herbarium. Occurrence dataset https://doi.org/10.15468/svdy2z accessed via GBIF.org on 2022-05-27.</citation>
      </gbif>
    </metadata>
</additionalMetadata>

</eml:eml>
