<?xml version="1.0" encoding="utf-8"?>
<eml:eml xmlns:eml="eml://ecoinformatics.org/eml-2.1.1" xmlns:xsi="http://www.w3.org/2001/XMLSchema-instance"
         xsi:schemaLocation="eml://ecoinformatics.org/eml-2.1.1 http://rs.gbif.org/schema/eml-gbif-profile/1.1/eml.xsd"
        packageId="aa383747-8456-4398-8dd4-10614773028a"  system="http://gbif.org" scope="system"
  xml:lang="en">

<dataset>
      <alternateIdentifier>10.15468/88bd2d</alternateIdentifier>
        <alternateIdentifier>https://sernecportal.org/portal/collections/misc/collprofiles.php?collid=303</alternateIdentifier>
    <title>Old Dominion University Herbarium</title>
    <creator>
<organizationName>SERNEC</organizationName><electronicMailAddress>herrick.brown@gmail.com</electronicMailAddress><onlineUrl>https://sernecportal.org/portal/index.php</onlineUrl>    </creator>
    <metadataProvider>
<organizationName>SERNEC</organizationName><electronicMailAddress>herrick.brown@gmail.com</electronicMailAddress><onlineUrl>https://sernecportal.org/portal/index.php</onlineUrl>    </metadataProvider>
    <associatedParty>
    <individualName>
          <surName>Lisa Wallace, Director</surName>
    </individualName>
<electronicMailAddress>lewallac@odu.edu</electronicMailAddress>    <role>CONTENT_PROVIDER</role>
    </associatedParty>
      <pubDate>
      2022-04-01
      </pubDate>
    <language>ENGLISH</language>
    <abstract>
        <para>Herbarium containing primarily vascular plants of the Atlantic Coastal Plain of Virginia and North Carolina.</para>
    </abstract>
      <intellectualRights>
        <para>To the extent possible under law, the publisher has waived all rights to these data and has dedicated them to the <ulink url="http://creativecommons.org/publicdomain/zero/1.0/legalcode"><citetitle>Public Domain (CC0 1.0)</citetitle></ulink>. Users may copy, modify, distribute and use the work, including for commercial purposes, without restriction.</para>
      </intellectualRights>
      <contact>
<organizationName>Old Dominion University Herbarium</organizationName><electronicMailAddress>lewallac@odu.edu</electronicMailAddress><onlineUrl>https://sites.wp.odu.edu/oduherbarium/</onlineUrl>      </contact>

</dataset>

<additionalMetadata>
    <metadata>
      <gbif>
        <dateStamp>2022-05-27T20:49:36Z</dateStamp>
      <citation>Old Dominion University Herbarium (2022). Old Dominion University Herbarium. Occurrence dataset https://doi.org/10.15468/88bd2d accessed via GBIF.org on 2022-05-27.</citation>
      </gbif>
    </metadata>
</additionalMetadata>

</eml:eml>
