<?xml version="1.0" encoding="utf-8"?>
<eml:eml xmlns:eml="eml://ecoinformatics.org/eml-2.1.1" xmlns:xsi="http://www.w3.org/2001/XMLSchema-instance"
         xsi:schemaLocation="eml://ecoinformatics.org/eml-2.1.1 http://rs.gbif.org/schema/eml-gbif-profile/1.1/eml.xsd"
        packageId="b6ba36a7-362b-4c13-9e28-f71d4770a193"  system="http://gbif.org" scope="system"
  xml:lang="en">

<dataset>
      <alternateIdentifier>10.15468/96qq94</alternateIdentifier>
        <alternateIdentifier>https://cch2.org/portal/collections/misc/collprofiles.php?collid=71</alternateIdentifier>
    <title>MCCC - Mendocino College Coast Center Herbarium</title>
    <creator>
<organizationName>CCH2 Portal</organizationName><electronicMailAddress>jyost@calpoly.edu</electronicMailAddress><onlineUrl>https://cch2.org/portal/index.php</onlineUrl>    </creator>
    <metadataProvider>
<organizationName>CCH2 Portal</organizationName><electronicMailAddress>jyost@calpoly.edu</electronicMailAddress><onlineUrl>https://cch2.org/portal/index.php</onlineUrl>    </metadataProvider>
    <associatedParty>
    <individualName>
          <surName>Teresa Sholars</surName>
    </individualName>
<electronicMailAddress>tsholars@mendocino.edu</electronicMailAddress>    <role>CONTENT_PROVIDER</role>
    </associatedParty>
      <pubDate>
      2022-05-02
      </pubDate>
    <language>ENGLISH</language>
    <abstract>
        <para>Vascular plants, fungi (lichens and mushrooms), marine algae, mosses, rare plants, vouchers for local consultants and vouchers for Mendocino Flora by Smith and Wheeler</para>
    </abstract>
      <intellectualRights>
        <para>This work is licensed under a <ulink url="http://creativecommons.org/licenses/by-nc/4.0/legalcode"><citetitle>Creative Commons Attribution Non Commercial (CC-BY-NC) 4.0 License</citetitle></ulink>.</para>
      </intellectualRights>
      <contact>
<organizationName>MCCC - Mendocino College Coast Center Herbarium</organizationName><electronicMailAddress>tsholars@mendocino.edu</electronicMailAddress>      </contact>

</dataset>

<additionalMetadata>
    <metadata>
      <gbif>
        <dateStamp>2022-05-27T20:49:38Z</dateStamp>
      <citation>Mendocino College Coast Center Herbarium (2022). MCCC - Mendocino College Coast Center Herbarium. Occurrence dataset https://doi.org/10.15468/96qq94 accessed via GBIF.org on 2022-05-27.</citation>
      </gbif>
    </metadata>
</additionalMetadata>

</eml:eml>
